name,pyname
名字,拼音名字
布袍,bu pao
百衲衣,baina yi
百宝衣,baibao yi
百褶裙,baizhe qun
白道袍,baidao pao
白布衣,baibu yi
白棉袍,baimian pao
白金丝袍,baijin sipao
白布裙,baibu qun
白羽衣,baiyu yi
碧纹裙,biwen qun
白泽战袍,baize zhanpao
斑斓战袍,banlan zhanpao
豹纹战袍,baowen zhanpao
百变菱枪 ,baibian lingqiang
霸王枪 ,bawang qiang
白玉竹棒,baiyu zhubang
碧玉杖,biyu zhang
碧水剑,bishui jian
白剑 ,bai jian
捕仙网,boxian wang
朝服,chao fu
灿银连环甲,canyin lianhuanjia
朝鞋,chao xie
长袍,chang pao
长裙,chang qun
彩绘龙袍,caihui longpao
草绿棉袍,caolv mianpao
彩冠,cai guan
出跸刀,chubi dao
长枪,chang qiang
长矛,chang mao
禅杖,shan zhang
长剑,chang jian
长青剑,changqing jian
长歌剑,changge jian
承影剑,chengying jian
长鞭,chang bian
长索,chang suo
斗笠,dou li
大罗天衣,daluo tianyi
大刀,da dao
短戟,duan xi
短缨枪,duanying qiang
毒针,du zhen
断魂砂,duanhun sha
打狗棒,dagou bang
丹青剑,danqing jian
定世鞭,dingshi bian
鹅黄僧袍,ehuang sengpao
鹅黄丝袍,ehuang  sipao
鳄嘴剪 ,ezuijian
绯红丝裙,feihong siqun
粉红罗裙,fenhong luoqun
风袍,feng pao
法刀,fa dao
飞刀,fei dao
飞蝗刀,feihuang dao
飞环,fei huan
浮云剑,fuyun jian
覆雨剑,fuyu jian
飞仙剑,feixian jian
飞挝,fei wo
官服,guan fu
宫裙,gong qun
钢刀,gang dao
钢抓,gang zhua
赶月剑,ganyue jian
钢骨伞,ganggu san
鬼索,gui suo
归藏鞭,guicang bian
鬼王鞭,guiwang bian
胡服,hu fu
黑布衣,heibu yi
灰布衣,huibu yi
灰道衣,huidao yi
灰布袍,huibup ao
灰道袍,huidao pao
黑布袍,heibu pao
黑棉袍,heimian pao
黑丝裙,heisi qun
黑纱裙,heisha qun
红布袍,hongbu pao
红丝袍,hongsi pao
红绸裙,hongchou qun
黄道袍,huangdao pao
黄棉裙,huangmian qun
黄羽衣,huangyu yi
虎纹战袍,huwen zhanpao
黑麻布袍,heima bupao
红衣袈裟,hongyi jiasha
黄布僧袍,huangbu sengpao
灰布僧袍,huibu sengpao
湖青丝袍,huqing sipao
黑道袍,heidao pao
皇冠,huang guan
红枪,hong qiang
黄竹棒,huangzhu bang
寒玉棒,hanyu bang
含光剑,hanguang jian
黑龙鞭,heilong bian
锦袍,jin pao
绛纱裙,jiangsha qun
金丝裙,jinsi qun
锦 袍,jin pao
金带,jind ai
金刀,jin dao
金钱刀,jinqian dao
金枪,jin qiang
金蛇锥,jinshe zhui
金算珠,jinsuan zhu
金刚杵,jingang chu
金蛇剑,jinshe jian
金龙鞭,jinlong bian
狂沙刀,kuangsha dao
蓝缎战甲,landuan zhanjia
蓝麻衣,lanma yi
蓝布衣,lanbu yi
蓝布袍,lanbu pao
蓝道袍,landao pao
蓝羽衣,lanyu yi
绿道袍,lvdao pao
绿棉裙,lvmian qun
蓝麻布袍,lanma bupao
链子刀,lianzi dao
龙头拐杖,longtou guaizhang
狼牙棒,langya bang
流星剑,liuxing jian
麻布衣,mabu yi
麻黄衫,mahuang shan
麻布袍,mabu pao
棉布袍,mianbu pao
麻黄僧袍,mahuang sengpao
木棉架裟,mumian jiasha
木拖鞋/斗笠,mutuo xie/dou li
木刀,mu dao
木棍,mu gun
魔刀,mo dao
美人扇,meiren shan
女道袍,nvdao pao
瑞牛战袍,ruiniu zhanpao
瑞马战袍,ruima zhanpao
霓虹羽衣,nihong yuyi
鸟啄击,niao zhuoji
皮甲,pi jia
破布衣,pobu yi
破棉袄,pomian ao
破棉袍,pomian pao
判官笔,panguan bi
青缎锁子甲,qingduansuo zijia
青铜铠甲,qingtong kaijia
囚服,qiu fu
青麻衣,qingma yi
青布衣,qingbu yi
青布袍,qingbu pao
青道袍,qingdao pao
青道衣,qingdao yi
青绫裙,qingling qun
青棉裙,qingmian qun
青羽衣,qingyu yi
青丝裙 ,qingsi qun
千褶裙,qianzhe qun
青丝绸袍,qingsi choupao
青麻布衣,qingma buyi
青麻布袍,qingma bupao
青布僧袍,qingbu sengpao
青缎丝袍,qingduan sipao
青竹棒,qingzhu bang
青锋剑,qingfeng jian
瑞牛战袍 ,ruiniu zhanpao
端马战袍,duanma zhanpao
壬丙剑,renbing jian
十袋布衣,shidai buyi
素白棉袍,subai mianpao
蛇形矛,shexing mao
蛇刺,she ci
色空剑,sekong jian
丝巾,si jin
太监服,taijian fu
天蓝棉袍,tianlan mianpao
天蓝丝袍,tianlan sipao
团龙黄袍,tuanlong huangpao
头巾,tou jin
天师道袍,tianshi daopao
太极道袍,taiji daopao
天雷刀,tianlei dao
天魔斩,tianmo zhan
天兵宝刀,tianbing baodao
桃木刀,taomu dao
突厥腰刀,ttujue yaodao
铁蒺藜,tie jili
铜棍,tong gun
铁棍,tie gun
铁笛,tie di
天夏剑,tianxia jian
天下剑,tianxia jian
天魔带,tianmo dai
武士服,wushi fu
文士服,wenshi fu
五彩云裳,wucai yunshang
孝服,xiao fu
星袍,xing pao
雪白丝袍,xuebai sipao
雪白丝裙,xuebai siqun
销魂彩衣,xiaohun caiyi
修罗刀,xiuluo dao
袖箭,xiu jian
降魔杵,jiangmo chu
湘竹棒,xiangzhu bang
侠客剑,xiake jian
宵练剑,xiaolian jian
宣花大斧,xuanhua dafu
云袍,yun pao
银袍,yin pao
羊皮袄,yangpi ao
衙役服,yayi fu
银龙衫,yinlong shan
夜行衣,yexing yi
夜行服,yexing fu
月白丝袍,yuebai sipao
月白丝裙,yuebai siqun
鹰纹战袍,yingwen zhanpao
银狮战袍,yinshi zhanpao
银罗团花袍,yinluotuan huapao
阴阳一气袍,yinyang yiqipao
银罗团花战袍,yinluotuan huazhanpao
腰带/彩冠,yao dai/cai guan
鹰刀,ying dao
银月刀,yinyue dao
圆月弯刀,yuanyue wandao
燕子刀,yanzi dao
银龙杖,yinlong zhang
阴阳剑,yinyang jian
英雄剑,yingxiong jian
棕布衣,zongbu yi
紫金刀,zijin dao
诛仙刀,zhuxian dao
竹棒,zhu bang
追风剑,zhuifeng jian
真武剑,zhenwu jian
绛纱裙,jiangsha qun
金丝裙,jinsi qun
锦 袍,jin pao
金带,jin dai
金刀,jin dao
金钱刀,jinqian dao
金枪,jin qiang
金蛇锥,jinshe zhui
金算珠,jinsuan zhu
金刚杵,jingang chu
金蛇剑,jinshe jian
金龙鞭,jinlong bian
狂沙刀,kuangsha dao
蓝缎战甲,landuan zhanjia
蓝麻衣,lanma yi
蓝布衣,lanbu yi
蓝布袍,lanbu pao
蓝道袍,landao pao
蓝羽衣,lanyu yi
绿道袍,lvdao pao
绿棉裙,lvmian qun
蓝麻布袍,lanma bupao
链子刀,lianzi dao
龙头拐杖,longtou guaizhang
狼牙棒,langya bang
流星剑,liuxing jian
麻布衣,mabu yi
麻黄衫,mahuang shan
麻布袍,mabu pao
棉布袍,mianbu pao
麻黄僧袍,mahuang sengpao
木棉架裟,mumian jiasha
木拖鞋/斗笠,mutuo xie/dou li
木刀,mu dao
木棍,mu gun
魔刀,mo dao
美人扇,meiren shan
女道袍,nvdao pao
瑞牛战袍,ruiniu zhanpao
瑞马战袍,ruima zhanpao
霓虹羽衣,nihong yuyi
鸟啄击,niao zhuoji
皮甲,pi jia
破布衣,pobu yi
破棉袄,pomian ao
破棉袍,pomian pao
判官笔,panguan bi
青缎锁子甲,qingduansuo zijia
青铜铠甲,qingtong kaijia
囚服,qiu fu
青麻衣,qingma yi
青布衣,qingbu yi
青布袍,qingbu pao
青道袍,qingdao pao
青道衣,qingdao yi
青绫裙,qingling qun
青棉裙,qingmian qun
青羽衣,qingyu yi
青丝裙 ,qingsi qun
千褶裙,qianzhe qun
青丝绸袍,qingsi choupao
青麻布衣,qingma buyi
青麻布袍,qingma bupao
青布僧袍,qingbu sengpao
青缎丝袍,qingduan sipao
青竹棒,qingzhu bang
青锋剑,qingfeng jian
瑞牛战袍 ,ruiniuzhanpao
端马战袍,duanmazhanpao
壬丙剑,renbingjian
十袋布衣,shidaibuyi
素白棉袍,subaimianpao
蛇形矛,shexingmao
蛇刺,sheci
色空剑,sekongjian
丝巾,sijin
太监服,taijianfu
天蓝棉袍,tianlanmianpao
天蓝丝袍,tianlansipao
团龙黄袍,tuanlonghuangpao
头巾,toujin
天师道袍,tianshidaopao
太极道袍,taijidaopao
天雷刀,tianleidao
天魔斩,tianmozhan
天兵宝刀,tianbingbaodao
桃木刀,taomudao
突厥腰刀,tu厥yaodao
铁蒺藜,tie蒺藜
铜棍,tonggun
铁棍,tiegun
铁笛,tiedi
天夏剑,tianxiajian
天下剑,tianxiajian
天魔带,tianmodai
武士服,wushifu
文士服,wenshifu
五彩云裳,wucaiyunshang
孝服,xiaofu
星袍,xingpao
雪白丝袍,xuebaisipao
雪白丝裙,xuebaisiqun
销魂彩衣,xiaohuncaiyi
修罗刀,xiuluodao
袖箭,xiujian
降魔杵,jiangmo杵
湘竹棒,xiangzhubang
侠客剑,xiakejian
宵练剑,xiaolianjian
宣花大斧,xuanhuadafu
云袍,yunpao
银袍,yinpao
羊皮袄,yangpiao
衙役服,yayifu
银龙衫,yinlongshan
夜行衣,yexingyi
夜行服,yexingfu
月白丝袍,yuebaisipao
月白丝裙,yuebaisiqun
鹰纹战袍,yingwenzhanpao
银狮战袍,yinshizhanpao
银罗团花袍,yinluotuanhuapao
阴阳一气袍,yinyangyiqipao
银罗团花战袍,yinluotuanhuazhanpao
腰带/彩冠,yaodai/caiguan
鹰刀,yingdao
银月刀,yinyuedao
圆月弯刀,yuanyuewandao
燕子刀,yanzidao
银龙杖,yinlongzhang
阴阳剑,yinyangjian
英雄剑,yingxiongjian
棕布衣,zongbuyi
紫金刀,zijindao
诛仙刀,zhuxiandao
竹棒,zhubang
追风剑,zhuifengjian
真武剑,zhenwujian
绛纱裙,绛shaqun
金丝裙,jinsiqun
锦 袍,jin pao
金带,jindai
金刀,jindao
金钱刀,jinqiandao
金枪,jinqiang
金蛇锥,jinshezhui
金算珠,jinsuanzhu
金刚杵,jingang杵
金蛇剑,jinshejian
金龙鞭,jinlongbian
狂沙刀,kuangshadao
蓝缎战甲,landuanzhanjia
蓝麻衣,lanmayi
蓝布衣,lanbuyi
蓝布袍,lanbupao
蓝道袍,landaopao
蓝羽衣,lanyuyi
绿道袍,lvdaopao
绿棉裙,lvmianqun
蓝麻布袍,lanmabupao
链子刀,lianzidao
龙头拐杖,longtouguaizhang
狼牙棒,langyabang
流星剑,liuxingjian
麻布衣,mabuyi
麻黄衫,mahuangshan
麻布袍,mabupao
棉布袍,mianbupao
麻黄僧袍,mahuangsengpao
木棉架裟,mumianjia裟
木拖鞋/斗笠,mutuoxie/dou笠
木刀,mudao
木棍,mugun
魔刀,modao
美人扇,meirenshan
女道袍,nvdaopao
瑞牛战袍,ruiniuzhanpao
瑞马战袍,ruimazhanpao
霓虹羽衣,nihongyuyi
鸟啄击,niaozhuoji
皮甲,pijia
破布衣,pobuyi
破棉袄,pomianao
破棉袍,pomianpao
判官笔,panguanbi
青缎锁子甲,qingduansuozijia
青铜铠甲,qingtong铠jia
囚服,qiufu
青麻衣,qingmayi
青布衣,qingbuyi
青布袍,qingbupao
青道袍,qingdaopao
青道衣,qingdaoyi
青绫裙,qing绫qun
青棉裙,qingmianqun
青羽衣,qingyuyi
青丝裙 ,qingsiqun
千褶裙,qian褶qun
青丝绸袍,qingsichoupao
青麻布衣,qingmabuyi
青麻布袍,qingmabupao
青布僧袍,qingbusengpao
青缎丝袍,qingduansipao
青竹棒,qingzhubang
青锋剑,qingfengjian
瑞牛战袍 ,ruiniuzhanpao
端马战袍,duanmazhanpao
壬丙剑,renbingjian
十袋布衣,shidaibuyi
素白棉袍,subaimianpao
蛇形矛,shexingmao
蛇刺,sheci
色空剑,sekongjian
丝巾,sijin
太监服,taijianfu
天蓝棉袍,tianlanmianpao
天蓝丝袍,tianlansipao
团龙黄袍,tuanlonghuangpao
头巾,toujin
天师道袍,tianshidaopao
太极道袍,taijidaopao
天雷刀,tianleidao
天魔斩,tianmozhan
天兵宝刀,tianbingbaodao
桃木刀,taomudao
突厥腰刀,tu厥yaodao
铁蒺藜,tie蒺藜
铜棍,tonggun
铁棍,tiegun
铁笛,tiedi
天夏剑,tianxiajian
天下剑,tianxiajian
天魔带,tianmodai
武士服,wushifu
文士服,wenshifu
五彩云裳,wucaiyunshang
孝服,xiaofu
星袍,xingpao
雪白丝袍,xuebaisipao
雪白丝裙,xuebaisiqun
销魂彩衣,xiaohuncaiyi
修罗刀,xiuluodao
袖箭,xiujian
降魔杵,jiangmo杵
湘竹棒,xiangzhubang
侠客剑,xiakejian
宵练剑,xiaolianjian
宣花大斧,xuanhuadafu
云袍,yunpao
银袍,yinpao
羊皮袄,yangpiao
衙役服,yayifu
银龙衫,yinlongshan
夜行衣,yexingyi
夜行服,yexingfu
月白丝袍,yuebaisipao
月白丝裙,yuebaisiqun
鹰纹战袍,yingwenzhanpao
银狮战袍,yinshizhanpao
银罗团花袍,yinluotuanhuapao
阴阳一气袍,yinyangyiqipao
银罗团花战袍,yinluotuanhuazhanpao
腰带/彩冠,yaodai/caiguan
鹰刀,yingdao
银月刀,yinyuedao
圆月弯刀,yuanyuewandao
燕子刀,yanzidao
银龙杖,yinlongzhang
阴阳剑,yinyangjian
英雄剑,yingxiongjian
棕布衣,zongbuyi
紫金刀,zijindao
诛仙刀,zhuxiandao
竹棒,zhubang
追风剑,zhuifengjian
真武剑,zhenwujian
绛纱裙,绛shaqun
金丝裙,jinsiqun
锦 袍,jin pao
金带,jindai
金刀,jindao
金钱刀,jinqiandao
金枪,jinqiang
金蛇锥,jinshezhui
金算珠,jinsuanzhu
金刚杵,jingang杵
金蛇剑,jinshejian
金龙鞭,jinlongbian
狂沙刀,kuangshadao
蓝缎战甲,landuanzhanjia
蓝麻衣,lanmayi
蓝布衣,lanbuyi
蓝布袍,lanbupao
蓝道袍,landaopao
蓝羽衣,lanyuyi
绿道袍,lvdaopao
绿棉裙,lvmianqun
蓝麻布袍,lanmabupao
链子刀,lianzidao
龙头拐杖,longtouguaizhang
狼牙棒,langyabang
流星剑,liuxingjian
麻布衣,mabuyi
麻黄衫,mahuangshan
麻布袍,mabupao
棉布袍,mianbupao
麻黄僧袍,mahuangsengpao
木棉架裟,mumianjia裟
木拖鞋/斗笠,mutuoxie/dou笠
木刀,mudao
木棍,mugun
魔刀,modao
美人扇,meirenshan
女道袍,nvdaopao
瑞牛战袍,ruiniuzhanpao
瑞马战袍,ruimazhanpao
霓虹羽衣,nihongyuyi
鸟啄击,niaozhuoji
皮甲,pijia
破布衣,pobuyi
破棉袄,pomianao
破棉袍,pomianpao
判官笔,panguanbi
青缎锁子甲,qingduansuozijia
青铜铠甲,qingtong铠jia
囚服,qiu fu
青麻衣,qingmayi
青布衣,qingbuyi
青布袍,qingbupao
青道袍,qingdaopao
青道衣,qingdaoyi
青绫裙,qing绫qun
青棉裙,qingmianqun
青羽衣,qingyuyi
青丝裙 ,qingsiqun
千褶裙,qian褶qun
青丝绸袍,qingsichoupao
青麻布衣,qingmabuyi
青麻布袍,qingmabupao
青布僧袍,qingbusengpao
青缎丝袍,qingduansipao
青竹棒,qingzhubang
青锋剑,qingfengjian
瑞牛战袍 ,ruiniuzhanpao
端马战袍,duanmazhanpao
壬丙剑,renbingjian
十袋布衣,shidaibuyi
素白棉袍,subaimianpao
蛇形矛,shexingm ao
蛇刺,she ci
色空剑,sekongjian
丝巾,sijin
太监服,taijianfu
天蓝棉袍,tianlanmianpao
天蓝丝袍,tianlansipao
团龙黄袍,tuanlonghuangpao
头巾,toujin
天师道袍,tianshidaopao
太极道袍,taijidaopao
天雷刀,tianleidao
天魔斩,tianmozhan
天兵宝刀,tianbingbaodao
桃木刀,taomudao
突厥腰刀,tu厥yaodao
铁蒺藜,tie蒺藜
铜棍,tong gun
铁棍,tie gun
铁笛,tie di
天夏剑,tianxia jian
天下剑,tianxia jian
天魔带,tianmo dai
武士服,wushi fu
文士服,wenshi fu
五彩云裳,wucaiyunshang
孝服,xiaofu
星袍,xingpao
雪白丝袍,xuebaisipao
雪白丝裙,xuebaisiqun
销魂彩衣,xiaohuncaiyi
修罗刀,xiuluodao
袖箭,xiu jian
降魔杵,jiangmo杵
湘竹棒,xiangzhubang
侠客剑,xiakejian
宵练剑,xiaolianjian
宣花大斧,xuanhuadafu
云袍,yunpao
银袍,yinpao
羊皮袄,yangpiao
衙役服,yayifu
银龙衫,yinlongshan
夜行衣,yexingyi
夜行服,yexingfu
月白丝袍,yuebaisipao
月白丝裙,yuebaisiqun
鹰纹战袍,yingwenzhanpao
银狮战袍,yinshizhanpao
银罗团花袍,yinluotuanhuapao
阴阳一气袍,yinyangyiqipao
银罗团花战袍,yinluotuanhuazhanpao
腰带/彩冠,yao dai/cai guan
鹰刀,ying dao
银月刀,yinyue dao
圆月弯刀,yuanyue wandao
燕子刀,yanzi dao
银龙杖,yinlong zhang
阴阳剑,yinyang jian
英雄剑,yingxiong jian
棕布衣,zongbu yi
紫金刀,zijin dao
诛仙刀,zhuxian dao
竹棒,zhu bang
追风剑,zhuifeng jian
真武剑,zhenwu jian
